"PropertyID - Yardi Number","Web Property ID - Yardi Number","Residence","Yardi Care Level","Marketing Care Level","Yardi Suite Type Description","Web SuiteTitle","Regular SuitePrice","PromotionPrice","Start Date","End Date","ltc"
"11263","11263","Allandale Station","AL","AL","Studio with kitchenette","studio","7647",,"","",
"11263","11263","Allandale Station","ISL","IL","1 Bedroom + Den with kitchenette","1bed-and-den","7211",,"","",
"11263","11263"," Allandale Station","ISL","IL","1 bedroom with kitchenette","1bed","5801",,"","",
"11263","11263"," Allandale Station","ISL","IL","2 bedrooms with kitchenette","2bed","7676",,"","",
"11263","11263"," Allandale Station","ISL","IL","Studio with kitchenette","studio","4311",,"","",
"11015","11015"," Anne Hathaway","ISL","IL","1 bedroom with no kitchen","1bed","5806",,"","",
"11015","11015"," Anne Hathaway","ISL","IL","Studio with no kitchen","studio","4256",,"","",
"11119","11119"," Appartements de Bordeaux","ISL","IL","1 Chambre avec cuisine","1bed","3125",,"","",
"11119","11119"," Appartements de Bordeaux","ISL","IL","2 chambres avec cuisine","2bed","3460",,"","",
"11119","11119"," Appartements de Bordeaux","ISL","IL","3 chambres avec cuisine","3beds","6230",,"","",
"11138","11138"," Avondale","ISL","IL","1 bedroom with no kitchen","1bed","5506",,"","",
"11138","11138"," Avondale","ISL","IL","Studio with no kitchen","studio","3990",,"","",
"11264","11264"," Balmoral","AL","AL","Studio with kitchenette","studio","8021",,"","",
"11264","11264"," Balmoral","ISL","IL","1 Bedroom + Den with kitchenette","1bed-and-den","6681",,"","",
"11264","11264"," Balmoral","ISL","IL","1 bedroom with kitchenette","1bed","5741",,"","",
"11264","11264"," Balmoral","ISL","IL","2 bedrooms with kitchenette","2bed","7431",,"","",
"11264","11264"," Balmoral","ISL","IL","Studio with kitchenette","studio","4941",,"","",
"11264","11264"," Balmoral Apartments","IL","SA","1 Bedroom + Den with full kitchen","1bed-and-den","4245",,"","",
"11264","11264"," Balmoral Apartments","IL","SA","1 bedroom with full kitchen","1bed","3895",,"","",
"11264","11264"," Balmoral Apartments","IL","SA","2 bedrooms with full kitchen","2bed","4755",,"","",
"11094","11094"," Bankside","ISL","IL","1 bedroom with no kitchen","1bed","4606",,"","",
"11094","11094"," Bankside","ISL","IL","Studio with no kitchen","studio","3151",,"","",
"11214","11094"," Bankside Seniors Apartments","IL","SA","1 Bedroom + Den with full kitchen","1bed-and-den","3349",,"","",
"11214","11094"," Bankside Seniors Apartments","IL","SA","1 bedroom with full kitchen","1bed","3884",,"","",
"11214","11094"," Bankside Seniors Apartments","IL","SA","2 bedrooms with full kitchen","2bed","4274",,"","",
"11019","11019"," Barton","ISL","IL","1 bedroom with kitchenette","1bed","6001",,"","",
"11019","11019"," Barton","ISL","IL","2 bedrooms with kitchenette","2bed","7496",,"","",
"11019","11019"," Barton","ISL","IL","Studio with no kitchen","studio","3616",,"","",
"11002","11002"," Bayview","ISL","IL","1 bedroom with no kitchen","1bed","6823",,"","",
"11002","11002"," Bayview","ISL","IL","Studio with no kitchen","studio","4448",,"","",
"11072","11072"," Birchwood","ISL","IL","Studio","studio","3780",,"","",
"11072","11072"," Birchwood","ISL","IL","1 bedroom with full kitchen","1bed","4605",,"","",
"11072","11072"," Birchwood","ISL","IL","2 bedrooms with full kitchen","2bed","5665",,"","",
"11072","11072"," Birchwood","ISL","IL","Town house - 2 bedrooms with kitchen","townhouse-1bed-2beds","5925",,"","",
"11265","11265"," Bowmanville Creek","AL","AL","Studio with kitchenette","studio","7594",,"","",
"11265","11265"," Bowmanville Creek","ISL","IL","1 Bedroom + Den with kitchenette","1bed-and-den","7106",,"","",
"11265","11265"," Bowmanville Creek","ISL","IL","1 bedroom with kitchenette","1bed","6026",,"","",
"11265","11265"," Bowmanville Creek","ISL","IL","2 bedrooms with kitchenette","2bed","7406",,"","",
"11265","11265"," Bowmanville Creek","ISL","IL","Studio with kitchenette","studio","4876",,"","",
"11070","11070"," Carlton","ISL","IL","1 bedroom with kitchenette","1bed","5423",,"","",
"11070","11070"," Carlton","ISL","IL","2 bedrooms with kitchenette","2bed","8326",,"","",
"11070","11070"," Carlton","ISL","IL","Studio with kitchenette","studio","4289",,"","",
"11048","11048"," Carrington House","ISL","IL","1 Bedroom + Den with full kitchen","1bed-and-den","4300",,"","",
"11048","11048"," Carrington House","ISL","IL","1 bedroom with full kitchen","1bed","3910",,"","",
"11048","11048"," Carrington House","ISL","IL","2 bedrooms with full kitchen","2bed","4820",,"","",
"11048","11048"," Carrington House","ISL","IL","Studio with no kitchen","studio","2895",,"","",
"11069","11069"," Carrington Place","ISL","IL","1 Bedroom + Den with kitchenette","1bed-and-den","5388",,"","",
"11069","11069"," Carrington Place","ISL","IL","1 bedroom with kitchenette","1bed","4048",,"","",
"11069","11069"," Carrington Place","ISL","IL","2 bedrooms with kitchenette","2bed","5693",,"","",
"11069","11069"," Carrington Place","ISL","IL","Studio with kitchenette","studio","3088",,"","",
"11192","11192"," Cedarbrooke","ISL","IL","1 Bedroom + Den with full kitchen","1bed-and-den","5233",,"","",
"11192","11192"," Cedarbrooke","ISL","IL","1 bedroom with kitchenette","1bed","4300",,"","",
"11192","11192"," Cedarbrooke","ISL","IL","2 bedrooms with full kitchen","2bed","5868",,"","",
"11192","11192"," Cedarbrooke","ISL","IL","Studio with kitchenette","studio","3216",,"","",
"11076","11076"," Chateau Cornwall","ISL","IL","1 Bedroom + Den with no kitchen","1bed-and-den","5513",,"","",
"11076","11076"," Chateau Cornwall","ISL","IL","1 bedroom with no kitchen","1bed","5393",,"","",
"11076","11076"," Chateau Cornwall","ISL","IL","Studio with no kitchen","studio","3708",,"","",
"11131","11131"," Chatsworth","ISL","IL","1 bedroom with kitchenette","1bed","4969",,"","",
"11131","11131"," Chatsworth","ISL","IL","2 bedrooms with kitchenette","2bed","6489",,"","",
"11131","11131"," Chatsworth","ISL","IL","Studio with kitchenette","studio","4494",,"","",
"11131","11131"," Chatsworth","ISL","SA","Town house - 1 bedroom with kitchen","townhouse-1bed-2beds","6749",,"","",
"11116","11116"," Churchill House","ISL","IL","1 Bedroom + Den with kitchenette","1bed-and-den","7320",,"","",
"11116","11116"," Churchill House","ISL","IL","1 bedroom with kitchenette","1bed","6345",,"","",
"11116","11116"," Churchill House","ISL","IL","2 bedrooms with kitchenette","2bed","8845",,"","",
"11116","11116"," Churchill House","ISL","IL","Studio with kitchenette","studio","5395",,"","",
"11213","11213"," Clair Hills","AL","AL","1 bedroom with no kitchen","1bed","9874",,"","",
"11213","11213"," Clair Hills","AL","AL","Studio with no kitchen","studio","8579",,"","",
"11213","11213"," Clair Hills","ISL","IL","1 Bedroom + Den with kitchenette","1bed-and-den","7761",,"","",
"11213","11213"," Clair Hills","ISL","IL","1 bedroom with kitchenette","1bed","6956",,"","",
"11213","11213"," Clair Hills","ISL","IL","2 Bedrooms + Den with kitchenette","2beds-and-den","9421",,"","",
"11213","11213"," Clair Hills","ISL","IL","2 bedrooms with kitchenette","2bed","8601",,"","",
"11213","11213"," Clair Hills","ISL","IL","Studio with kitchenette","studio","5691",,"","",
"11063","11063"," Collegiate Heights","ISL","IL","1 bedroom with kitchenette","1bed","5310",,"","",
"11063","11063"," Collegiate Heights","ISL","IL","2 bedrooms with kitchenette","2bed","7385",,"","",
"11063","11063"," Collegiate Heights","ISL","IL","Studio with no kitchen","studio","3410",,"","",
"11034","11034"," Colonel Belcher","FND",,"Studio with kitchenette",,,,"","",
"11034","11034"," Colonel Belcher","ISL","IL","1 bedroom","1bed","4004",,"","",
"11034","11034"," Colonel Belcher","ISL","IL","2 bedrooms with full kitchen","2bed","5589",,"","",
"11034","11034"," Colonel Belcher","ISL","IL","Studio with kitchenette","studio","2789",,"","",
"11017","11017"," Colonial","ISL","IL","1 bedroom with kitchenette","1bed","4931",,"","",
"11017","11017"," Colonial","ISL","IL","Studio with kitchenette","studio","3331",,"","",
"11097","11097"," Conservatory Pond","ISL","IL","1 bedroom with kitchenette","1bed","4906",,"","",
"11097","11097"," Conservatory Pond","ISL","IL","2 bedrooms with kitchenette","2bed","6501",,"","",
"11097","11097"," Conservatory Pond","ISL","IL","Studio with kitchenette","studio","3971",,"","",
"13071","13071"," Crescent Gardens","ISL","IL","1 Bedroom + Den with full kitchen","1bed-and-den","7260",,"","",
"13071","13071"," Crescent Gardens","ISL","IL","1 bedroom with kitchenette","1bed","6230",,"","",
"13071","13071"," Crescent Gardens","ISL","IL","Studio with no kitchen","studio","2875",,"","",
"13071","13071"," Crescent Gardens","ISL","IL","2 bedrooms with kitchenette","2bed","6160",,"","",
"11133","11133"," Deerview Crossing","ISL","IL","1 Bedroom + Den with kitchenette","1bed-and-den","6881",,"","",
"11133","11133"," Deerview Crossing","ISL","IL","1 bedroom with kitchenette","1bed","5536",,"","",
"11133","11133"," Deerview Crossing","ISL","IL","2 bedrooms with kitchenette","2bed","8336",,"","",
"11133","11133"," Deerview Crossing","ISL","IL","Studio with kitchenette","studio","5621",,"","",
"11133","11133"," Deerview Crossing","MEM","MC","1 bedroom with kitchenette","1bed","8325",,"","",
"11133","11133"," Deerview Crossing","MEM","MC","2 bedrooms with kitchenette","2bed","10710",,"","",
"11133","11133"," Deerview Crossing","MEM","MC","Studio with kitchenette","studio","7700",,"","",
"11108","11108"," Domaine de Bordeaux","AL","AL","Studio sans cuisine","studio","5728",,"","",
"11108","11108"," Domaine de Bordeaux","ISL","IL","1 chambre sans cuisine","1bed","3004",,"","",
"11108","11108"," Domaine de Bordeaux","ISL","IL","Studio sans cuisine - 1 1/2","studio","2539",,"","",
"11074","11074"," Eau Claire","ISL","IL","1 bedroom with kitchenette","1bed","5895",,"","",
"11074","11074"," Eau Claire","ISL","IL","2 bedrooms with kitchenette","2bed","7795",,"","",
"11074","11074"," Eau Claire","ISL","IL","Studio with kitchenette","studio","5640",,"","",
"11074","11074"," Eau Claire","FND",,"1 bedroom with kitchenette",,,,"","",
"11074","11074"," Eau Claire","FND",,"Studio with kitchenette",,,,"","",
"11247","11247"," Emerald Hills","ISL","IL","1 Bedroom + Den with full kitchen","1bed-and-den","5346",,"","",
"11247","11247"," Emerald Hills","ISL","IL","1 bedroom with full kitchen","1bed","4352",,"","",
"11247","11247"," Emerald Hills","ISL","IL","2 bedrooms with full kitchen","2bed","6152",,"","",
"11247","11247"," Emerald Hills","FND",,"Studio with kitchenette",,,,"","",
"11079","11079"," Empress Kanata","ISL","IL","1 bedroom with kitchenette","1bed","5546",,"","",
"11079","11079"," Empress Kanata","ISL","IL","2 bedrooms with no kitchen","2bed","6406",,"","",
"11079","11079"," Empress Kanata","ISL","IL","Studio with kitchenette","studio","3201",,"","",
"11079","11079"," Empress Kanata","MEM","MC","1 bedroom with kitchenette","1bed","9034",,"","",
"11079","11079"," Empress Kanata","MEM","MC","Studio with kitchenette","studio","6724",,"","",
"11156","11156"," Fountains of Mission","ISL","IL","1 bedroom with kitchenette","1bed","3460",,"","",
"11156","11156"," Fountains of Mission","ISL","IL","2 bedrooms with kitchenette","2bed","5740",,"","",
"11156","11156"," Fountains of Mission","FND",,"1 bedroom with kitchenette",,,,"","",
"11156","11156"," Fountains of Mission","FND",,"Studio with kitchenette",,,,"","",
"11006","11006"," Georgian","ISL","IL","1 bedroom with no kitchen","1bed","6023",,"","",
"11006","11006"," Georgian","ISL","IL","Studio with no kitchen","studio","4093",,"","",
"11136","11136"," Georgian Traditions","ISL","IL","1 Bedroom + Den with kitchenette","1bed-and-den","6836",,"","",
"11136","11136"," Georgian Traditions","ISL","IL","1 bedroom with kitchenette","1bed","5656",,"","",
"11136","11136"," Georgian Traditions","ISL","IL","2 bedrooms with kitchenette","2bed","7246",,"","",
"11136","11136"," Georgian Traditions","ISL","IL","Studio with kitchenette","studio","5151",,"","",
"11136","11136"," Georgian Traditions","MEM","MC","1 bedroom with kitchenette","1bed","9897",,"","",
"11136","11136"," Georgian Traditions","MEM","MC","2 Bedroom ","2bed","10202",,"","",
"11136","11136"," Georgian Traditions","MEM","MC","Studio with kitchenette","studio","9107",,"","",
"11027","11027"," Gibson","ISL","IL","1 bedroom with kitchenette","1bed","6661",,"","",
"11027","11027"," Gibson","ISL","IL","Studio with kitchenette","studio","4861",,"","",
"11061","11061"," Glacier Ridge","ISL","IL","1 bedroom with kitchenette","1bed","5085",,"","",
"11061","11061"," Glacier Ridge","ISL","IL","2 bedrooms with kitchenette","2bed","6825",,"","",
"11061","11061"," Glacier Ridge","ISL","IL","Studio with no kitchen","studio","2880",,"","",
"11202","11202"," Grenadier","AL","AL","Studio with no kitchen","studio","6773",,"","",
"11202","11202"," Grenadier","ISL","IL","1 bedroom with kitchenette","1bed","5361",,"","",
"11202","11202"," Grenadier","ISL","IL","2 bedrooms with kitchenette","2bed","6671",,"","",
"11202","11202"," Grenadier","ISL","IL","Studio with kitchenette","studio","4041",,"","",
"11202","11202"," Grenadier","MC","MC","Studio with no kitchen","studio","7170",,"","",
"11244","11244"," Griesbach","ISL","IL","1 bedroom with full kitchen","1bed","4089",,"","",
"11244","11244"," Griesbach","ISL","IL","2 bedrooms with full kitchen","2bed","5049",,"","",
"11244","11244"," Griesbach","FND",,"Studio with no kitchen",,,,"","",
"11030","11030"," Hampton House","ISL","IL","1 bedroom with full kitchen","1bed","3345",,"","",
"11030","11030"," Hampton House","ISL","IL","2 bedrooms with full kitchen","2bed","4553",,"","",
"11035","11035"," Harbours","ISL","IL","1 bedroom with kitchenette","1bed","4383",,"","",
"11035","11035"," Harbours","ISL","IL","2 bedrooms with full kitchen","2bed","6323",,"","",
"11035","11035"," Harbours","ISL","IL","Studio with kitchenette","studio","3178",,"","",
"11010","11010"," Hartford","ISL","IL","1 bedroom with kitchenette","1bed","5385",,"","",
"11010","11010"," Hartford","ISL","IL","Studio with no kitchen","studio","3425",,"","",
"11206","11206"," Harwood","ISL","IL","1 Bedroom + Den with kitchenette","1bed-and-den","5801",,"","",
"11206","11206"," Harwood","ISL","IL","1 bedroom with kitchenette","1bed","5071",,"","",
"11206","11206"," Harwood","ISL","IL","2 bedrooms with full kitchen","2bed","6708",,"","",
"11206","11206"," Harwood","ISL","IL","Studio with kitchenette","studio","3731",,"","",
"11257","11257"," Hawthorn","ISL","IL","1 Bedroom + Den with no kitchen","1bed-and-den","5935",,"","",
"11257","11257"," Hawthorn","ISL","IL","1 bedroom with no kitchen","1bed","4530",,"","",
"11257","11257"," Hawthorn","ISL","IL","2 bedrooms with no kitchen","2bed","6650",,"","",
"11257","11257"," Hawthorn","ISL","IL","Studio with no kitchen","studio","2905",,"","",
"11243","11243"," Heritage Valley","ISL","IL","1 Bedroom + Den with full kitchen","1bed-and-den","5265",,"","",
"11243","11243"," Heritage Valley","ISL","IL","1 bedroom with full kitchen","1bed","4035",,"","",
"11243","11243"," Heritage Valley","ISL","IL","2 bedrooms with full kitchen","2bed","5745",,"","",
"11243","11243"," Heritage Valley","FND",,"Studio with no kitchen",,,,"","",
"11229","11229"," Hilldale","ISL","IL","1 bedroom with kitchenette","1bed","4902",,"","",
"11229","11229"," Hilldale","ISL","IL","2 bedrooms with kitchenette","2bed","6587",,"","",
"11229","11229"," Hilldale","ISL","IL","Studio with kitchenette","studio","3927",,"","",
"11210","11210"," Hollandview Trail","AL","AL","1 bedroom with no kitchen","1bed","9389",,"","",
"11210","11210"," Hollandview Trail","AL","AL","Studio with no kitchen","studio","7419",,"","",
"11210","11210"," Hollandview Trail","ISL","IL","1 Bedroom + Den with kitchenette","1bed-and-den","8436",,"","",
"11210","11210"," Hollandview Trail","ISL","IL","1 bedroom with kitchenette","1bed","6515",,"","",
"11210","11210"," Hollandview Trail","ISL","IL","2 bedrooms with kitchenette","2bed","8696",,"","",
"11210","11210"," Hollandview Trail","ISL","IL","Studio with kitchenette","studio","6021",,"","",
"11154","11154"," Imperial Place","ISL","IL","1 bedroom with den","1bed-and-den","5977",,"","",
"11154","11154"," Imperial Place","ISL","IL","1 bedroom with kitchenette","1bed","4497",,"","",
"11154","11154"," Imperial Place","ISL","IL","2 bedrooms with kitchenette","2bed","6512",,"","",
"11154","11154"," Imperial Place","ISL","IL","Studio with kitchenette","studio","3147",,"","",
"11201","11201"," Isabella","ISL","IL","1 bedroom with kitchenette","1bed","5457",,"","",
"11201","11201"," Isabella","ISL","IL","2 bedrooms with kitchenette","2bed","6517",,"","",
"11201","11201"," Isabella","ISL","IL","Studio with kitchenette","studio","3587",,"","",
"11066","11066"," Jackson Creek","ISL","IL","1 bedroom with kitchenette","1bed","6326",,"","",
"11066","11066"," Jackson Creek","ISL","IL","2 bedrooms with kitchenette","2bed","7466",,"","",
"11066","11066"," Jackson Creek","ISL","IL","Studio with no kitchen","studio","4096",,"","",
"11099","11099"," Jardins de la Gare","AL","AL","Studio sans cuisine","studio","5690",,"","",
"11099","11099"," Jardins de la Gare","ISL","IL","1 Chambre avec cuisine","1bed","3183",,"","",
"11099","11099"," Jardins de la Gare","ISL","IL","Studio sans cuisine","studio","2193",,"","",
"11099","11099"," Jardins de la Gare (Yamaska Apts)","IL","SA","1 Chambre avec cuisine","1bed","1580",,"","",
"11099","11099"," Jardins de la Gare (Yamaska Apts)","IL","SA","2 chambres avec cuisine","2bed","1800",,"","",
"11185","11185"," Kamloops","ISL","IL","1 Bedroom + Den with kitchenette","1bed-and-den","5701",,"","",
"11185","11185"," Kamloops","ISL","IL","1 bedroom with kitchenette","1bed","4556",,"","",
"11185","11185"," Kamloops","ISL","IL","2 bedrooms with kitchenette","2bed","5656",,"","",
"11185","11185"," Kamloops","ISL","IL","Studio with kitchenette","studio","3641",,"","",
"11237","11237"," Lakeshore","AL","AL","Studio with no kitchen","studio","9001",,"","",
"11237","11237"," Lakeshore","ISL","IL","1 bedroom with kitchenette","1bed","7364",,"","",
"11237","11237"," Lakeshore","ISL","IL","Studio with kitchenette","studio","4969",,"","",
"11237","11237"," Lakeshore","MC","MC","Studio with no kitchen","studio","9364",,"","",
"11073","11073"," Langley Gardens","ISL","IL","1 Bedroom + Den with kitchenette","1bed-and-den","6260",,"","",
"11073","11073"," Langley Gardens","ISL","IL","1 bedroom with full kitchen","1bed","4810",,"","",
"11073","11073"," Langley Gardens","ISL","IL","2 bedrooms with full kitchen","2bed","5910",,"","",
"11073","11073"," Langley Gardens","ISL","IL","Studio with full kitchen","studio","4420",,"","",
"11073","11073"," Langley Gardens","MEM",,"1 bedroom with no kitchen",,,,"","",
"11073","11073"," Langley Gardens","MEM","MC","Studio with no kitchen","studio","9265",,"","",
"11141","11141"," Lansing","ISL","IL","1 bedroom with kitchenette","1bed","4332",,"","",
"11141","11141"," Lansing","ISL","IL","Studio with no kitchen","studio","3187",,"","",
"11266","11266"," L'aubier","AL",,"Studio sans cuisine",,,,"","",
"11266","11266"," L'aubier","ISL",,"1 Chambre + Boudoir avec cuisine",,,,"","",
"11266","11266"," L'aubier","ISL",,"1 Chambre avec cuisine",,,,"","",
"11266","11266"," L'aubier","ISL",,"2 chambres avec cuisine",,,,"","",
"11266","11266"," L'aubier","ISL",,"3 chambres avec cuisine",,,,"","",
"11266","11266"," L'aubier","ISL",,"Studio avec cuisinette",,,,"","",
"11042","11042"," Le Duplessis","ISL","IL","1 Chambre avec cuisine","1bed","2143",,"","",
"11042","11042"," Le Duplessis","ISL","IL","2 chambres avec cuisine","2bed","2680",,"","",
"11042","11042"," Le Duplessis","ISL",,"Studio avec cuisine (2 1/2)",,"1560",,"","",
"11042","11042"," Le Duplessis","ISL","IL","Studio sans cuisine","studio","2049",,"","",
"11262","11262"," Le Florilège","AL","AL","Studio sans cuisine","studio","5949",,"","",
"11262","11262"," Le Florilège","ISL","IL","1 Chambre avec cuisine","1bed","2780",,"","",
"11262","11262"," Le Florilège","ISL","IL","2 chambres avec cuisine","2bed","3885",,"","",
"11262","11262"," Le Florilège","ISL","IL","3 chambres avec cuisine","3beds","4310",,"","",
"11262","11262"," Le Florilège","ISL","IL","Studio avec cuisine","studio","2904",,"","",
"11242","11242"," L'Envol","AL","AL","Studio sans cuisine","studio","5970",,"","",
"11242","11242"," L'Envol","ISL","IL","1 Chambre avec cuisine","1bed","2083",,"","",
"11242","11242"," L'Envol","ISL","IL","2 chambres avec cuisine","2bed","2890",,"","",
"11242","11242"," L'Envol","ISL","IL","3 chambres avec cuisine","3beds","4852",,"","",
"11242","11242"," L'Envol","ISL","IL","Studio avec cuisine","studio","2677",,"","",
"11227","11227"," Lord Lansdowne","AL","AL","1 bedroom with no kitchen","1bed","9593",,"","",
"11227","11227"," Lord Lansdowne","AL","AL","Studio with no kitchen","studio","7613",,"","",
"11227","11227"," Lord Lansdowne","ISL","IL","1 Bedroom + Den with kitchenette","1bed-and-den","9961",,"","",
"11227","11227"," Lord Lansdowne","ISL","IL","1 bedroom with kitchenette","1bed","6561",,"","",
"11227","11227"," Lord Lansdowne","ISL","IL","2 bedrooms with kitchenette","2bed","9861",,"","",
"11227","11227"," Lord Lansdowne","ISL","IL","Studio with kitchenette","studio","4066",,"","",
"11046","11046"," Lynnwood","ISL","IL","1 bedroom with full kitchen","1bed","4395",,"","",
"11046","11046"," Lynnwood","ISL","IL","2 bedrooms with full kitchen","2bed","5478",,"","",
"11046","11046"," Lynnwood","ISL","IL","Studio with full kitchen","studio","3271",,"","",
"11163","11163"," Manoir Archer","AL","AL","1 Chambre avec cuisine","1bed","6417",,"","",
"11163","11163"," Manoir Archer","AL","AL","Studio sans cuisine","studio","6077",,"","",
"11163","11163"," Manoir Archer","ISL","IL","1 Chambre avec cuisine","1bed","2187",,"","",
"11163","11163"," Manoir Archer","ISL","IL","2 chambres avec cuisine","2bed","2690",,"","",
"11163","11163"," Manoir Archer","ISL","IL","3 chambres avec cuisine","3beds","3745",,"","",
"11163","11163"," Manoir Archer","ISL","IL","Studio avec cuisinette","studio","2228",,"","",
"11162","11162"," Manoir et Cours de l'Atrium","AL","AL","1 chambre avec cuisinette","1bed","6642",,"","",
"11162","11162"," Manoir et Cours de l'Atrium","AL","AL","2 chambres avec cuisine","2bed","7004",,"","",
"11162","11162"," Manoir et Cours de l'Atrium","AL","AL","Studio avec cuisinette","studio","5482",,"","",
"11162","11162"," Manoir et Cours de l'Atrium","ISL",,"1 chambre avec cuisinette",,"3656",,"","",
"11162","11162"," Manoir et Cours de l'Atrium","ISL",,"2 chambres",,"4038",,"","",
"11162","11162"," Manoir et Cours de l'Atrium","ISL","IL","Studio sans cuisine 2 1/2","deluxe-studio","2636",,"","",
"11162","11162"," Manoir et Cours de l'Atrium (appartements)","ISL","IL","1 Chambre avec cuisine","1bed","1535",,"","",
"11162","11162"," Manoir et Cours de l'Atrium (appartements)","ISL","IL","2 chambres avec cuisine","2bed","2050",,"","",
"11162","11162"," Manoir et Cours de l'Atrium (appartements)","ISL","IL","3 chambres avec cuisine","3beds","2360",,"","",
"11024","11024"," Martha's Landing","ISL","IL","1 bedroom with kitchenette","1bed","5178",,"","",
"11024","11024"," Martha's Landing","ISL","IL","Studio with kitchenette","studio","4123",,"","",
"11146","11146"," McConnell","ISL","IL","1 bedroom with kitchenette","1bed","4719",,"","",
"11146","11146"," McConnell","ISL","IL","Studio with no kitchen","studio","3567",,"","",
"11146","11146"," McConnell (Apartments)","IL","SA","1 bedroom with kitchenette","1bed","3058",,"","",
"11146","11146"," McConnell (Apartments)","IL","SA","2 bedrooms with kitchenette","2bed","4263",,"","",
"11146","11146"," McConnell (Apartments)","IL","SA","Studio with kitchenette","studio","2502",,"","",
"11028","11028"," Meadowbrook","IL","SA","1 bedroom with full kitchen","1bed","3370",,"","",
"11028","11028"," Meadowbrook","IL","SA","2 bedrooms with full kitchen","2bed","3605",,"","",
"11028","11028"," Meadowbrook","ISL",,"1 bedroom with kitchenette",,"5040",,"","",
"11028","11028"," Meadowbrook","ISL",,"Studio with kitchenette",,"4635",,"","",
"11028","11028"," Meadowbrook","ISL","IL","Studio with no kitchen","studio","3710",,"","",
"11215","11028"," Meadowbrook Village","IL","SA","Town house - 2 bedrooms with kitchen","townhouse-1bed-2beds","4319",,"","",
"11215","11028"," Meadowbrook Village","ISL","IL","1 bedroom with kitchenette","1bed","5439",,"","",
"11205","11205"," Montgomery Village","ISL","IL","1 Bedroom + Den with kitchenette","1bed-and-den","6954",,"","",
"11205","11205"," Montgomery Village","ISL","IL","1 bedroom with kitchenette","1bed","5974",,"","",
"11205","11205"," Montgomery Village","ISL","IL","2 bedrooms with kitchenette","2bed","7779",,"","",
"11205","11205"," Montgomery Village","ISL","IL","Studio with kitchenette","studio","5224",,"","",
"11232","11205"," Montgomery Village Phase II (Apartments)","ISL","SA","1 bedroom with full kitchen","1bed","4497",,"","",
"11232","11205"," Montgomery Village Phase II (Apartments)","ISL","SA","2 bedrooms with full kitchen","2bed","5425",,"","",
"11232","11205"," Montgomery Village Phase II (Apartments)","ISL","SA","Studio with full kitchen","studio","3406","2999","2025-01-01","2025-12-31",
"11036","11036"," New Edinburgh Square","ISL","SA","Studio with kitchenette","studio","4286",,"","",
"11036","11036"," New Edinburgh Square","ISL","SA","1 bedroom with full kitchen","1bed","4191",,"","",
"11036","11036"," New Edinburgh Square","ISL","IL","1 bedroom with kitchenette","1bed","4346",,"","",
"11036","11036"," New Edinburgh Square","ISL","SA","2 bedrooms with full kitchen","2bed","5521",,"","",
"11036","11036"," New Edinburgh Square","ISL","IL","Studio with no kitchen","studio","3301",,"","",
"11170","11170"," Notre Dame Victoriaville","ISL","IL","1 Chambre + Boudoir sans cuisine","1bed-and-den","2433",,"","",
"11170","11170"," Notre Dame Victoriaville","ISL","IL","1 Chambre avec cuisine","1bed","2085",,"","",
"11170","11170"," Notre Dame Victoriaville","ISL","IL","2 chambres avec cuisine","2bed","2585",,"","",
"11170","11170"," Notre Dame Victoriaville","ISL","IL","Studio 2 1/2","deluxe-studio","2433",,"","",
"11170","11170"," Notre Dame Victoriaville","ISL","IL","Studio sans cuisine 1 1/2","studio","1789",,"","",
"11082","11082"," Oak Park LaSalle","ISL","IL","1 bedroom with kitchenette","1bed","5691",,"","",
"11082","11082"," Oak Park LaSalle","ISL","IL","2 bedrooms with kitchenette","2bed","7396",,"","",
"11082","11082"," Oak Park LaSalle","ISL","IL","Studio with kitchenette","studio","4846",,"","",
"11037","11037"," Oak Park Terrace","ISL","IL","1 bedroom with kitchenette","1bed","5852",,"","",
"11037","11037"," Oak Park Terrace","ISL","IL","2 bedrooms with kitchenette","2bed","7157",,"","",
"11037","11037"," Oak Park Terrace","ISL","IL","Studio with kitchenette","studio","5087",,"","",
"11212","11212"," Oak Ridges","ISL","IL","1 Bedroom + Den with kitchenette","1bed-and-den","7461",,"","",
"11212","11212"," Oak Ridges","ISL","IL","1 bedroom with kitchenette","1bed","6346",,"","",
"11212","11212"," Oak Ridges","ISL","IL","2 Bedrooms + Den with kitchenette","2beds-and-den","8271",,"","",
"11212","11212"," Oak Ridges","ISL","IL","2 bedrooms with kitchenette","2bed","8271",,"","",
"11212","11212"," Oak Ridges","ISL","IL","Studio with kitchenette","studio","4546",,"","",
"11212","11212"," Oak Ridges","MC","MC","1 bedroom with kitchenette","1bed","9861",,"","",
"11212","11212"," Oak Ridges","MC","MC","Studio with kitchenette","studio","8571",,"","",
"11130","11130"," Oakville","ISL","IL","1 bedroom with kitchenette","1bed","4086",,"","",
"11130","11130"," Oakville","ISL","IL","2 bedrooms with kitchenette","2bed","6061",,"","",
"11130","11130"," Oakville","ISL","IL","Studio with kitchenette","studio","4046",,"","",
"11233","11233"," Orchards","AL","AL","1 bedroom with kitchenette","1bed","8278",,"","",
"11233","11233"," Orchards","AL","AL","Studio with no kitchen","studio","6233",,"","",
"11233","11233"," Orchards","ISL","IL","1 bedroom with kitchenette","1bed","5641",,"","",
"11233","11233"," Orchards","ISL","IL","Studio with no kitchen","studio","3256",,"","",
"11233","11233"," Orchards","MC","MC","1 bedroom with kitchenette","1bed","8024",,"","",
"11233","11233"," Orchards","MC","MC","Studio with kitchenette","studio","5994",,"","",
"11207","11207"," Oxford Gardens","ISL","IL","1 bedroom with kitchenette","1bed","5421",,"","",
"11207","11207"," Oxford Gardens","ISL","IL","2 bedrooms with full kitchen","2bed","7401",,"","",
"11207","11207"," Oxford Gardens","ISL","IL","Studio with kitchenette","studio","3906",,"","",
"11026","11026"," Park Place","ISL","IL","1 bedroom with no kitchen","1bed","4751",,"","",
"11026","11026"," Park Place","ISL","IL","Studio with no kitchen","studio","3401",,"","",
"11115","11115"," Pickering City Centre","ISL","IL","1 bedroom with kitchenette","1bed","4556",,"","",
"11115","11115"," Pickering City Centre","ISL","IL","2 bedrooms with kitchenette","2bed","5041",,"","",
"11059","11059"," Pinewood","ISL","IL","1 bedroom with kitchenette","1bed","5359",,"","",
"11059","11059"," Pinewood","ISL","IL","Studio with no kitchen","studio","3699",,"","",
"11013","11013"," Quail Creek","ISL","IL","1 bedroom with kitchenette","1bed","5808",,"","",
"11013","11013"," Quail Creek","ISL","IL","Studio with kitchenette","studio","3938",,"","",
"11096","11096"," Queen's Square","ISL","IL","1 bedroom with kitchenette","1bed","6036",,"","",
"11096","11096"," Queen's Square","ISL","IL","Studio with no kitchen","studio","4091",,"","",
"11065","11065"," Regency","ISL","IL","1 bedroom with kitchenette","1bed","5691",,"","",
"11065","11065"," Regency","ISL","IL","2 bedrooms with kitchenette","2bed","7101",,"","",
"11065","11065"," Regency","ISL","IL","Studio with no kitchen","studio","3576",,"","",
"11191","11191"," Ridgepointe","ISL","IL","1 Bedroom + Den with kitchenette","1bed-and-den","4256",,"","",
"11191","11191"," Ridgepointe","ISL","IL","1 bedroom with kitchenette","1bed","3878",,"","",
"11191","11191"," Ridgepointe","ISL","IL","2 bedrooms with kitchenette","2bed","4591",,"","",
"11252","11191"," Ridgepointe Residence Expansion","IL","SA","1 bedroom with full kitchen","1bed","2732",,"","",
"11252","11191"," Ridgepointe Residence Expansion","IL","SA","2 bedrooms with full kitchen","2bed","3997",,"","",
"11252","11191"," Ridgepointe Residence Expansion","IL","SA","Studio with full kitchen","studio","3110",,"","",
"11114","11114"," Riverside","IL","SA","Town house - 1 bedroom with kitchen","townhouse-1bed-2beds","5526",,"","",
"11114","11114"," Riverside","ISL","IL","1 Bedroom + Den with kitchenette","2bed","6736",,"","",
"11114","11114"," Riverside","ISL","IL","1 bedroom with kitchenette","1bed","5481",,"","",
"11114","11114"," Riverside","ISL","IL","Studio with kitchenette","studio","4966",,"","",
"11132","11132"," Robert Speck","ISL","IL","1 Bedroom + Den with kitchenette","1bed-and-den","5931",,"","",
"11132","11132"," Robert Speck","ISL","IL","1 bedroom with kitchenette","1bed","5006",,"","",
"11132","11132"," Robert Speck","ISL","IL","2 bedrooms with kitchenette","2bed","7781",,"","",
"11209","11209"," Rockcliffe","AL","AL","1 bedroom with kitchenette","1bed","10668",,"","",
"11209","11209"," Rockcliffe","AL","AL","Studio with kitchenette","studio","9623",,"","",
"11209","11209"," Rockcliffe","ISL","IL","1 Bedroom + Den with kitchenette","1bed-and-den","8799",,"","",
"11209","11209"," Rockcliffe","ISL","IL","1 bedroom with kitchenette","1bed","6979",,"","",
"11209","11209"," Rockcliffe","ISL","IL","2 bedrooms with kitchenette","2bed","9689",,"","",
"11209","11209"," Rockcliffe","ISL",,"Studio with kitchenette",,"7104",,"","",
"11004","11004"," Rosedale","ISL","IL","1 bedroom with no kitchen","1bed","6630",,"","",
"11004","11004"," Rosedale","ISL","IL","Studio with no kitchen","studio","4830",,"","",
"11098","11098"," Rouge Valley","ISL","IL","1 bedroom with kitchenette","1bed","6036",,"","",
"11098","11098"," Rouge Valley","ISL","IL","2 bedrooms with kitchenette","2bed","9361",,"","",
"11098","11098"," Rouge Valley","ISL","IL","Studio with no kitchen","studio","4371",,"","",
"11149","11149"," Royal on Gordon","IL","SA","Town house - 2 bedrooms with kitchenett","townhouse-1bed-2beds","5861",,"","",
"11149","11149"," Royal on Gordon","ISL","IL","1 bedroom with kitchenette","1bed","6347",,"","",
"11149","11149"," Royal on Gordon","ISL","IL","Studio with kitchenette","studio","5509",,"","",
"11033","11033"," Royal Park","ISL","IL","1 bedroom with kitchenette","1bed","3734",,"","",
"11033","11033"," Royal Park","ISL","IL","2 bedrooms with full kitchen","2bed","5744",,"","",
"11033","11033"," Royal Park","ISL","IL","Studio with kitchenette","studio","2864",,"","",
"11151","11151"," Scarlett Heights","ISL","IL","1 bedroom with kitchenette","1bed","5124",,"","",
"11151","11151"," Scarlett Heights","ISL","IL","2 bedrooms with kitchenette","2bed","7616",,"","",
"11151","11151"," Scarlett Heights","MEM","MC","1 bedroom with kitchenette","1bed","9832",,"","",
"11151","11151"," Scarlett Heights","MEM","MC","Studio with kitchenette","studio","8884",,"","",
"11078","11078"," Southwind","ISL","IL","1 bedroom with kitchenette","1bed","6910",,"","",
"11078","11078"," Southwind","ISL","IL","2 bedrooms with kitchenette","2bed","7945",,"","",
"11078","11078"," Southwind","ISL","IL","Studio with no kitchen","studio","4550",,"","",
"11245","11245"," St. Albert","ISL","IL","1 bedroom with full kitchen","1bed","4704",,"","",
"11245","11245"," St. Albert","ISL","IL","2 bedrooms with full kitchen","2bed","5634",,"","",
"11245","11245"," St. Albert","FND",,"Studio with no kitchen",,,,"","",
"11211","11211"," St. Clair Beach","ISL","IL","1 Bedroom + Den with kitchenette","1bed-and-den","7051",,"","",
"11211","11211"," St. Clair Beach","ISL","IL","1 bedroom with kitchenette","1bed","6041",,"","",
"11211","11211"," St. Clair Beach","ISL","IL","2 bedrooms with kitchenette","2bed","7051",,"","",
"11211","11211"," St. Clair Beach","ISL","IL","Studio with kitchenette","studio","4946",,"","",
"11068","11068"," Ste Marthe","AL","AL","Studio sans cuisine","studio","5165",,"","",
"11068","11068"," Ste Marthe","ISL","IL","1 Chambre + Boudoir avec cuisinette","1bed-and-den","3537",,"","",
"11068","11068"," Ste Marthe","ISL","IL","1 chambre sans cuisine","1bed","2582",,"","",
"11068","11068"," Ste Marthe","ISL","IL","2 bedrooms with no kitchen","2bed","3742",,"","",
"11068","11068"," Ste Marthe","ISL","IL","Studio sans cuisine","studio","2287",,"","",
"11238","11238"," Stillwater Creek","AL","AL","1 bedroom with kitchenette","1bed","8043",,"","",
"11238","11238"," Stillwater Creek","AL","AL","Studio with kitchenette","studio","6818",,"","",
"11238","11238"," Stillwater Creek","ISL","IL","1 bedroom with kitchenette","1bed","5066",,"","",
"11238","11238"," Stillwater Creek","ISL","IL","2 bedrooms with kitchenette","2bed","8151",,"","",
"11238","11238"," Stillwater Creek","ISL","IL","Studio with no kitchen","studio","3831",,"","",
"11238","11238"," Stillwater Creek","MC","MC","1 bedroom with kitchenette","1bed","8938",,"","",
"11238","11238"," Stillwater Creek","MC","MC","Studio with no kitchen","studio","6708",,"","",
"11095","11095"," Terrace on the Square","ISL","IL","1 bedroom with kitchenette","1bed","7756",,"","",
"11095","11095"," Terrace on the Square","ISL","IL","Studio with no kitchen","studio","4886",,"","",
"11199","11199"," The Sumach","ISL","IL","1 Bedroom + Den with full kitchen","1bed-and-den","3701",,"","",
"11199","11199"," The Sumach","ISL","IL","1 bedroom with full kitchen","1bed","3026",,"","",
"11199","11199"," The Sumach","ISL","IL","2 bedrooms with full kitchen","2bed","4741",,"","",
"11199","11199"," The Sumach","ISL","IL","Studio with full kitchen","studio","2710",,"","",
"11199","11199"," The Sumach","ISL","IL","Town house - 2 bedrooms with kitchen","townhouse-1bed-2beds","6562",,"","",
"11113","11113"," Thunder Bay","IL","SA","Town house - 2 bedrooms with kitchen","townhouse-1bed-2beds","4219",,"","",
"11113","11113"," Thunder Bay","ISL","IL","1 bedroom with kitchenette","1bed","4904",,"","",
"11113","11113"," Thunder Bay","ISL","IL","2 bedrooms with kitchenette","2bed","6489",,"","",
"11113","11113"," Thunder Bay","ISL","IL","Studio with kitchenette","studio","3534",,"","",
"11228","11228"," Tiffin","AL","AL","1 bedroom with kitchenette","1bed","8618",,"","",
"11228","11228"," Tiffin","AL","AL","Studio with kitchenette","studio","6843",,"","",
"11228","11228"," Tiffin","ISL","IL","1 bedroom with kitchenette","1bed","5906",,"","",
"11228","11228"," Tiffin","ISL","IL","2 bedrooms with kitchenette","2bed","7426",,"","",
"11228","11228"," Tiffin","ISL","IL","Studio with kitchenette","studio","4086",,"","",
"11228","11228"," Tiffin","MEM","MC","1 bedroom with kitchenette","1bed","8954",,"","",
"11228","11228"," Tiffin","MEM","MC","Studio with kitchenette","studio","7179",,"","",
"11236","11236"," Trait Carré","AL","AL","Studio sans cuisine","studio","5436",,"","",
"11236","11236"," Trait Carré","ISL","IL","1 bedroom with full kitchen","1bed","2473",,"","",
"11236","11236"," Trait Carré","ISL","IL","2 bedrooms with full kitchen","2bed","3405",,"","",
"11236","11236"," Trait Carré","ISL","IL","3 bedrooms with full kitchen","3beds","4092",,"","",
"11236","11236"," Trait Carré","ISL","IL","Studio with full kitchen","studio","2484",,"","",
"11204","11152"," Tranquility Apartments","IL","SA","1 bedroom with full kitchen",,"4069",,"","",
"11204","11152"," Tranquility Apartments","IL","SA","2 bedrooms with full kitchen","2bed","4803",,"","",
"11152","11152"," Tranquility Place","IL",,"1 bedroom with kitchenette",,"3729",,"","",
"11152","11152"," Tranquility Place","IL",,"Studio with kitchenette",,"3614",,"","",
"11152","11152"," Tranquility Place","ISL","IL","1 bedroom with kitchenette","1bed","3857",,"","",
"11152","11152"," Tranquility Place","ISL","IL","Studio with no kitchen","studio","3662",,"","",
"11129","11129"," Valley Vista","ISL","IL","1 bedroom with kitchenette","1bed","5926",,"","",
"11129","11129"," Valley Vista","ISL","IL","2 bedrooms with kitchenette","2bed","6731",,"","",
"11129","11129"," Valley Vista","ISL","IL","Studio with kitchenette","studio","5476",,"","",
"11193","11193"," Waterford","MEM","MC","Semi-Private (Companion Suite)","companion-suite","7214",,"","",
"11193","11193"," Waterford","ISL","IL","1 Bedroom + Den with kitchenette","1bed-and-den","7550",,"","",
"11193","11193"," Waterford","ISL","IL","1 bedroom with kitchenette","1bed","6380",,"","",
"11193","11193"," Waterford","ISL","IL","2 bedrooms with kitchenette","2bed","8790",,"","",
"11193","11193"," Waterford","ISL","IL","Studio with kitchenette","studio","5365",,"","",
"11193","11193"," Waterford","MEM","MC","Studio with kitchenette","studio","8884",,"","",
"11224","11224"," Wedgewood","AL","AL","1 bedroom with kitchenette","1bed","9473",,"","",
"11224","11224"," Wedgewood","AL","AL","Studio with kitchenette","studio","7513",,"","",
"11224","11224"," Wedgewood","ISL","IL","1 bedroom with kitchenette","1bed","7009",,"","",
"11224","11224"," Wedgewood","ISL","IL","Studio with kitchenette","studio","4959",,"","",
"11093","11093"," Wellington Park","ISL","IL","1 Bedroom + Den with kitchenette","1bed-and-den","6951",,"","",
"11093","11093"," Wellington Park","ISL","IL","1 bedroom with kitchenette","1bed","6676",,"","",
"11093","11093"," Wellington Park","ISL","IL","2 bedrooms with kitchenette","2bed","8686",,"","",
"11093","11093"," Wellington Park","ISL","IL","Studio with kitchenette","studio","5126",,"","",
"11216","11216"," Wescott","ISL","IL","1 Bedroom + Den with kitchenette","1bed-and-den","5254",,"","",
"11216","11216"," Wescott","ISL","IL","1 bedroom with kitchenette","1bed","3704",,"","",
"11216","11216"," Wescott","ISL","IL","2 bedrooms with kitchenette","2bed","5834",,"","",
"11216","11216"," Wescott","ISL","IL","Studio with kitchenette","studio","3004",,"","",
"11216","11216"," Wescott","MEM","MC","Studio with kitchenette","studio","8362",,"","",
"11135","11135"," Westmount","AL","AL","1 Bedroom + Den with kitchenette","1bed-and-den","7934",,"","",
"11135","11135"," Westmount","AL","AL","1 bedroom with kitchenette","1bed","7714",,"","",
"11135","11135"," Westmount","AL","AL","2 bedrooms with full kitchen","2bed","8584",,"","",
"11135","11135"," Westmount","AL","AL","Studio with kitchenette","studio","7569",,"","",
"11135","11135"," Westmount","ISL","IL","1 Bedroom + Den with kitchenette","1bed-and-den","6866",,"","",
"11135","11135"," Westmount","ISL","IL","1 bedroom with kitchenette","1bed","6191",,"","",
"11135","11135"," Westmount","ISL","IL","2 bedrooms with kitchenette","2bed","7531",,"","",
"11135","11135"," Westmount","ISL","IL","Studio with kitchenette","studio","5166",,"","",
"11060","11060"," Westmount on William","ISL","IL","Studio with no kitchen","studio","4298",,"","",
"11153","11153"," Whispering Pines","ISL","IL","1 bedroom with kitchenette","1bed","5640",,"","",
"11153","11153"," Whispering Pines","ISL","IL","Studio with no kitchen","studio","4137",,"","",
"11047","11047"," Willow","ISL","IL","1 Bedroom + Den with kitchenette","1bed-and-den","4744",,"","",
"11047","11047"," Willow","ISL","IL","1 bedroom with kitchenette","1bed","4189",,"","",
"11047","11047"," Willow","ISL","IL","2 bedrooms with kitchenette","2bed","5139",,"","",
"11047","11047"," Willow","ISL","IL","Studio with kitchenette","studio","3754",,"","",
"11047","11047"," Willow","LTC",,"Studio with no kitchen",,,,"","",
"11134","11134"," Wynfield","AL","AL","1 Bedroom + Den with kitchenette","1bed-and-den","8154",,"","",
"11134","11134"," Wynfield","AL","AL","1 bedroom with kitchenette","1bed","7699",,"","",
"11134","11134"," Wynfield","AL","AL","Studio with kitchenette","studio","6949",,"","",
"11134","11134"," Wynfield","ISL","IL","1 Bedroom + Den with kitchenette","1bed-and-den","5681",,"","",
"11134","11134"," Wynfield","ISL","IL","1 bedroom with kitchenette","1bed","5111",,"","",
"11134","11134"," Wynfield","ISL","IL","Studio with kitchenette","studio","4361",,"","",
"11294","11294","Azalis","ISL","IL","Studio 2 1/2","deluxe-studio","2107",,"","",
"11294","11294","Azalis","ISL","IL","1 Chambre avec cuisine","1bed","2247",,"","",
"11294","11294","Azalis","ISL","IL","2 Chambre avec cuisine","2bed","2868",,"","",
"11294","11294","Azalis","ISL","IL","3 Chambre avec cuisine","3beds","4847",,"","",
"11294","11294","Azalis","AL","AL","Studio","studio",,,"","",
"11294","11294","Azalis","MC","MC","Studio","studio",,,"","",
"11157","11157","Belvédères de Lachine","AL","AL","Studio sans cuisine","1bed","6085",,"","",
"11157","11157","Belvédères de Lachine","ISL","IL","1 Chambre avec cuisine","1bed","2325",,"","",
"11157","11157","Belvédères de Lachine","ISL","IL","2 chambres avec cuisine","2bed","3025",,"","",
"11157","11157","Belvédères de Lachine","ISL","IL","Studio avec cuisine","studio","1963",,"","",
"11188","11041","Cité Jardin (IIIB)","AL","AL","Studio sans cuisine","studio","6234",,"","",
"11189","11041","Cité Jardin (V)","ISL",,"1 Chambre avec cuisine",,"3628",,"","",
"11189","11041","Cité Jardin (V)","ISL",,"2 chambres avec cuisine",,"4454",,"","",
"11189","11041","Cité Jardin (V)","ISL",,"Studio avec cuisinette",,"2942",,"","",
"11041","11041","CitéJardin (I & II)","ISL","IL","1 Chambre avec cuisine","1bed","2606",,"","",
"11041","11041","CitéJardin (I & II)","ISL","IL","2 chambres avec cuisine","2bed","3127",,"","",
"11041","11041","CitéJardin (I & II)","ISL","IL","3 chambres avec cuisine","3beds","4068",,"","",
"11041","11041","CitéJardin (I & II)","ISL","IL","Studio avec cuisine","studio","1762",,"","",
"11276","11276","Des Chutes","ISL","IL","Studio 2 1/2","studio","1910",,"","",
"11276","11276","Des Chutes","ISL","IL","1 Chambre","1bed","1945",,"","",
"11276","11276","Des Chutes","ISL","IL","2 Chambre","2bed","3025",,"","",
"11276","11276","Des Chutes","ISL","IL","3 Chambre","3beds","5050",,"","",
"11276","11276","Des Chutes","AL","AL","Studio 2 1/2","studio","5900",,"","",
"11271","11271","Des Mille-Iles","IL","IL","Studio 2 1/2","deluxe-studio","2325",,"","",
"11271","11271","Des Mille-Iles","IL","IL","1 Chambre","1bed","2470",,"","",
"11271","11271","Des Mille-Iles","IL","IL","2 chambre","2bed","3205",,"","",
"11271","11271","Des Mille-Iles","IL","IL","3 chambre","3beds","4415",,"","",
"11271","11271","Des Mille-Iles","AL","AL","Studio","studio","6201",,"","",
"11275","11275","Des Rivières","ISL","IL","Studio 1 1/2","studio","1565",,"","",
"11275","11275","Des Rivières","ISL","IL","Studio 2 1/2","deluxe-studio","1730",,"","",
"11275","11275","Des Rivières","ISL","IL","1 Chambre","1bed","1956",,"","",
"11275","11275","Des Rivières","ISL","IL","2 chambre","2bed","2885",,"","",
"11275","11275","Des Rivières","AL","AL","Studio 2 1/2","deluxe-studio","5260",,"","",
"11158","11158","Domaine des Trembles","AL","AL","Studio avec cuisinette","studio","6385",,"","",
"11158","11158","Domaine des Trembles","ISL","IL","1 Chambre avec cuisine","1bed","2975",,"","",
"11158","11158","Domaine des Trembles","ISL","IL","2 chambres avec cuisine","2bed","3561",,"","",
"11158","11158","Domaine des Trembles","ISL","IL","3 chambres avec cuisine","3beds","4184",,"","",
"11107","11107","Domaine Notre Dame","AL","AL","1 chambre sans cuisine","1bed","6226",,"","",
"11107","11107","Domaine Notre Dame","AL","AL","Studio sans cuisine 1 /2","studio","6031",,"","",
"11107","11107","Domaine Notre Dame","ISL","IL","1 chambre sans cuisine","1bed","2699",,"","",
"11107","11107","Domaine Notre Dame","ISL","IL","2 bedrooms with kitchenette","2bed","4319",,"","",
"11107","11107","Domaine Notre Dame","ISL","IL","Studio avec cuisinette 2 1/2","deluxe-studio","2839",,"","",
"11107","11107","Domaine Notre Dame","ISL","IL","Studio sans cuisine 1 1/2","studio","2349",,"","",
"11267","11268","Du Plateau","ISL","IL","2 Chambre","2bed","3060",,"","",
"11268","11268","Du Plateau","ISL","IL","Studio 2 1/2","deluxe-studio","2325",,"","",
"11268","11268","Du Plateau","ISL","IL","1 Chambre","1bed","2685",,"","",
"11268","11268","Du Plateau","AL","AL","Studio 2 1/2","deluxe-studio","6301",,"","",
"11279","11280","Edgewater Care","LTC","MC","Studio with no kitchen","studio","10296",,"","",
"11280","11280","Edgewater Retirement","ISL","IL","One Bedroom","1bed","5095",,"","",
"11280","11280","Edgewater Retirement","ISL","IL","One Bedroom + Den with no kitchen","1bed-and-den","4945",,"","",
"11280","11280","Edgewater Retirement","ISL","IL","Two Bedrooms + Den with no kitchen","2beds-and-den","7095",,"","",
"11198","11198","Jardins Notre Dame","ISL","IL","1 Chambre avec cuisine","1bed","2703",,"","",
"11198","11198","Jardins Notre Dame","ISL","IL","2 chambres avec cuisine","2bed","3526",,"","",
"11198","11198","Jardins Notre Dame","ISL","IL","Studio avec cuisine","studio","2136",,"","",
"11277","11277","Le Jules-Verne","ISL","IL","Studio 2 1/2","deluxe-studio","1860",,"","",
"11277","11277","Le Jules-Verne","ISL","IL","1 chambre avec cuisine","1bed","2060",,"","",
"11277","11277","Le Jules-Verne","ISL","IL","2 chambres avec cuisine","2bed","2890",,"","",
"11277","11277","Le Jules-Verne","AL","AL","Studio ","studio","6221",,"","",
"11277","11277","Le Jules-Verne Condos","IL","SA","1 chambre avec cuisine","1bed","1900",,"","",
"11277","11277","Le Jules-Verne Condos","IL","SA","2 chambres avec cuisine","2bed","2380",,"","",
"11277","11277","Le Jules-Verne Condos","IL","SA","3 chambres avec cuisine","3beds","2875",,"","",
"11278","11277","Le Jules-Verne Condos","IL",,"1 chambre + Boudoir avec cuisine",,,,"","",
"11278","11277","Le Jules-Verne Condos","IL",,"2 chambres + Boudoir avec cuisine",,,,"","",
"11222","11222","Le Montcalm","ISL","IL","1 Chambre avec cuisine","1bed","2277",,"","",
"11222","11222","Le Montcalm","ISL","IL","2 chambres avec cuisine","2bed","3215",,"","",
"11222","11222","Le Montcalm","ISL","IL","3 chambres avec cuisine","3beds","3940",,"","",
"11222","11222","Le Montcalm","ISL","IL","Studio avec cuisine","studio","2504",,"","",
"11270","11270","Le Normandie",,"IL","Studio 2 1/2","deluxe-studio","1645",,"","",
"11270","11270","Le Normandie",,"IL","1 Chambre ","1bed","2075",,"","",
"11270","11270","Le Normandie",,"IL","2 Chambre","2bed","2895",,"","",
"11270","11270","Le Normandie",,"AL","Studio 2 1/2","deluxe-studio","4961",,"","",
"11219","11219","Le Prescott","ISL","IL","1 Chambre avec cuisine","1bed","2193",,"","",
"11219","11219","Le Prescott","ISL","IL","2 chambres avec cuisine","2bed","2939",,"","",
"11219","11219","Le Prescott","ISL","IL","3 chambres avec cuisine","3beds","4218",,"","",
"11219","11219","Le Prescott","ISL","IL","Studio avec cuisine","studio","2594",,"","",
"11235","11235","Légende","AL","AL","Studio sans cuisine","studio",,,"","",
"11235","11235","Légende","ISL","IL","1 Chambre avec cuisine","1bed",,,"","",
"11235","11235","Légende","ISL","IL","2 chambres avec cuisine","2bed",,,"","",
"11235","11235","Légende","ISL","IL","Studio avec cuisine","studio",,,"","",
"11167","11167","Les Écores","AL","AL","1 Chambre avec cuisine","1bed","5657",,"","",
"11167","11167","Les Écores","AL","AL","Studio avec cuisinette","studio","4827",,"","",
"11167","11167","Les Écores","ISL","IL","1 Chambre avec cuisine","1bed","2753",,"","",
"11167","11167","Les Écores","ISL","IL","2 chambres avec cuisine","2bed","3408",,"","",
"11167","11167","Les Écores","ISL","IL","Studio avec cuisine","studio","2438",,"","",
"11194","11194","L'Unique","ISL","IL","2 chambres avec cuisine","2bed","2849",,"","",
"11194","11194","L'Unique","ISL","IL","Studio avec cuisine 2 1/2","deluxe-studio","2679",,"","",
"11197","11194","L'Unique II","ISL","IL","1 Chambre avec cuisine","1bed","2123",,"","",
"11221","11194","L'Unique III","ISL","IL","Studio 1 1/2","studio","2606",,"","",
"11086","11086","Manoir Kirkland","ISL","IL","1 chambre avec cuisinette","1bed","2053",,"","",
"11086","11086","Manoir Kirkland","ISL","IL","2 chambres avec cuisine","2bed","2595",,"","",
"11086","11086","Manoir Kirkland","ISL","IL","Studio avec cuisine","studio","1825",,"","",
"11166","11166","Manoir Saint Jérôme","ISL","IL","1 Chambre avec cuisine","1bed","2353",,"","",
"11166","11166","Manoir Saint Jérôme","ISL","IL","2 chambres avec cuisine","2bed","2896",,"","",
"11166","11166","Manoir Saint Jérôme","ISL","IL","Studio avec cuisine","studio","2408",,"","",
"11106","11106","Monastère d'Aylmer","AL","AL","1 chambre sans cuisine","1bed","6169",,"","",
"11106","11106","Monastère d'Aylmer","AL","AL","Studio sans cuisine","studio","6159",,"","",
"11106","11106","Monastère d'Aylmer","ISL","IL","1 chambre sans cuisine","1bed","3056",,"","",
"11106","11106","Monastère d'Aylmer","ISL","IL","2 chambres sans cuisine","2bed","4901",,"","",
"11106","11106","Monastère d'Aylmer","ISL","IL","Studio sans cuisine","studio","2401",,"","",
"11044","11044","Oasis Saint Jean","AL","AL","Studio sans cuisine","studio","5851",,"","",
"11044","11044","Oasis Saint Jean","ISL","IL","1 Chambre avec cuisine","1bed","2456",,"","",
"11044","11044","Oasis Saint Jean","ISL","IL","2 chambres avec cuisine","2bed","3011",,"","",
"11044","11044","Oasis Saint Jean","ISL","IL","Studio sans cuisine","studio","2246",,"","",
"11293","11293","Panorama","ISL","IL","Studio 2 1/2","deluxe-studio","1665",,"","",
"11293","11293","Panorama","ISL","IL","One Bedroom with kitchen","1bed","2186",,"","",
"11293","11293","Panorama","ISL","IL","Two Bedroom with Kitchen","2bed","3350",,"","",
"11293","11293","Panorama","ISL","IL","Three Bedroom with Kitchen","3beds","5669",,"","",
"11293","11293","Panorama","AL","AL","Studio","studio","5995",,"","",
"11272","11272","Rivière du nord",,"SA","Studio 2 1/2","deluxe-studio","1360",,"","",
"11272","11272","Rivière du nord",,"SA","1 Chambre ","1bed","1575",,"","",
"11272","11272","Rivière du nord",,"SA","2 Chambre","2bed","1940",,"","",
"11272","11272","Rivière du nord",,"IL","Studio 2 1/2","deluxe-studio","2170",,"","",
"11272","11272","Rivière du nord",,"IL","1 Chambre ","1bed","2855",,"","",
"11272","11272","Rivière du nord",,"IL","2 Chambre","2bed","3040",,"","",
"11269","11269","Rock Forest",,"IL","Studio 2 1/2","deluxe-studio","2245",,"","",
"11269","11269","Rock Forest",,"IL","1 Chambre ","1bed","2370",,"","",
"11269","11269","Rock Forest",,"IL","2 Chambre","2bed","3110",,"","",
"11269","11269","Rock Forest",,"IL","3 chambres","3beds","4075",,"","",
"11269","11269","Rock Forest",,"AL","Studio 2 1/2","deluxe-studio","5896",,"","",
"11283","11283","Rosemont les Quartiers","AL","AL","Studio 1 1/2","studio","5952",,"","",
"11283","11283","Rosemont les Quartiers","ISL",,"Studio 2 1/2 (Signature & Prestige)",,"2145",,"","",
"11283","11283","Rosemont les Quartiers","ISL",,"1 chambre avec cuisine (Signature & Prestige)",,"2830",,"","",
"11283","11283","Rosemont les Quartiers","ISL",,"2 chambres avec cuisine (Signature & Prestige)",,"3910",,"","",
"11283","11283","Rosemont les Quartiers","ISL","IL","Studio 1 1/2","studio","1865",,"","",
"11283","11283","Rosemont les Quartiers","ISL","IL","Studio 2 1/2","deluxe-studio","2055",,"","",
"11283","11283","Rosemont les Quartiers","ISL","IL","4.5","2bed","3220",,"","",
"11283","11283","Rosemont les Quartiers","ISL","IL","3.5","1bed","2311",,"","",
"11120","11120","Seigneuries du Carrefour","ISL","IL","1 Chambre avec cuisine","1bed","2140",,"","",
"11120","11120","Seigneuries du Carrefour","ISL","IL","2 chambres avec cuisine","2bed","2695",,"","",
"11120","11120","Seigneuries du Carrefour","ISL","IL","Studio avec cuisine","studio","1704",,"","",
"11273","11273","Shawinigan","ISL","IL","Studio","studio","1300",,"","",
"11273","11273","Shawinigan","ISL","IL","1 chambre avec cuisine","1bed","1575",,"","",
"11273","11273","Shawinigan","ISL","IL","2 chambres avec cuisine","2bed","2285",,"","",
"11273","11273","Shawinigan","AL","AL","Studio","studio","4557",,"","",
"11295","11295","The Edward","ISL","IL","Studio","studio","4500",,"","",
"11295","11295","The Edward","ISL","IL","1 Bedroom with Kitchen","1bed","4825",,"","",
"11295","11295","The Edward","ISL","IL","2 Bedroom with Kitchen","2bed","7595",,"","",
"11102","11102","Thornhill","ISL","IL","1 bedroom with kitchenette","1bed","5271",,"","",
"11102","11102","Thornhill","ISL","IL","2 bedrooms with kitchenette","2bed","7511",,"","",
"11102","11102","Thornhill","ISL","IL","Studio with kitchenette","studio","4396",,"","",
"11286","11286","Tours Angrignon","ISL","IL","Studio 1 1/2","studio","1995",,"","",
"11286","11286","Tours Angrignon","ISL","IL","Studio 2 1/2","deluxe-studio","2065",,"","",
"11286","11286","Tours Angrignon","ISL","IL","1 Bedroom with kitchen","1bed","2316",,"","",
"11286","11286","Tours Angrignon","ISL","IL","2 Bedroom with kitchen","2bed","2816",,"","",
"11286","11286","Tours Angrignon","AL","AL","Studio ","studio","5549",,"","",
"11286","11286","Tours Angrignon","AL","AL","Studio ","deluxe-studio","5699",,"","",
"11274","11274","Val-Belair","ISL","IL","Studio 2 1/2","deluxe-studio","1685",,"","",
"11274","11274","Val-Belair","ISL","IL","1 chambre","1bed","1720",,"","",
"11274","11274","Val-Belair","ISL","IL","2 chambre","2bed","2690",,"","",
"11274","11274","Val-Belair","AL","AL","Studio 2 1/2","deluxe-studio","5580",,"","",
"11274","11274","Val-Belair","AL","AL","1 chambre","1bed","5580",,"","",
"11281","11281","Victoria Harbour","ISL","IL","Studio with Kitchen ","studio","3902",,"","",
"11281","11281","Victoria Harbour","ISL","IL","1 bedroom with kitchen","1bed","4742",,"","",
"11281","11281","Victoria Harbour","ISL","IL","1 bedroom + den with Kitchen","1bed-and-den","7800",,"","",
"11281","11281","Victoria Harbour","ISL","IL","2 Bedroom with Kitchen","2bed","8950",,"","",
"11278","11278","Vista","ISL","IL","1 Bedroom + Den with kitchenette","1bed-and-den","6890",,"","",
"11278","11278","Vista","ISL","IL","1 bedroom with kitchenette","1bed","5247",,"","",
"11278","11278","Vista","ISL","IL","2 bedrooms with kitchenette","2bed","9435",,"","",
"11278","11278","Vista","MEM/LTC","MC","Studio with no kitchen","studio","10488",,"","",
